url,author,timestamp,hook,hashtags,description,keyword
https://www.tiktok.com/@@techguru/video/5344111,@techguru,2025-04-01T14:30:22Z,Have you tried this new AI writing assistant?,"['tech', 'productivity', 'contentcreation']",Have you tried this new AI writing assistant? It's a game changer #aitools,ai tools
https://www.tiktok.com/@@aiexpert/video/4538238,@aiexpert,2025-03-15T22:30:22Z,Have you tried this new AI writing assistant?,"['tech', 'future', 'productivity']",Have you tried this new AI writing assistant? It's a game changer #aitools,ai tools
https://www.tiktok.com/@@aiexpert/video/5307247,@aiexpert,2025-03-31T14:30:22Z,This AI tool saved me 5 hours of work yesterday!,"['tech', 'contentcreation']",This AI tool saved me 5 hours of work yesterday! #aitools #productivity,ai tools
https://www.tiktok.com/@@techguru/video/2813294,@techguru,2025-03-25T23:30:22Z,This AI tool saved me 5 hours of work yesterday!,"['tech', 'aitools', 'contentcreation', 'productivity']",This AI tool saved me 5 hours of work yesterday! #aitools #productivity,ai tools
https://www.tiktok.com/@@techguru/video/9098832,@techguru,2025-04-07T22:30:22Z,Have you tried this new AI writing assistant?,"['productivity', 'aitools']",Have you tried this new AI writing assistant? It's a game changer #aitools,ai tools
https://www.tiktok.com/@@aiexpert/video/7307065,@aiexpert,2025-04-09T11:30:22Z,Top 5 AI tools every creator needs in 2024 #aitools #contentcreation,"['contentcreation', 'productivity']",Top 5 AI tools every creator needs in 2024 #aitools #contentcreation,ai tools
https://www.tiktok.com/@@futurist/video/1229378,@futurist,2025-03-20T13:30:22Z,Have you tried this new AI writing assistant?,"['contentcreation', 'productivity']",Have you tried this new AI writing assistant? It's a game changer #aitools,ai tools
https://www.tiktok.com/@@aiexpert/video/7602918,@aiexpert,2025-03-16T08:30:22Z,This AI tool saved me 5 hours of work yesterday!,"['tech', 'future']",This AI tool saved me 5 hours of work yesterday! #aitools #productivity,ai tools
https://www.tiktok.com/@@techguru/video/3592564,@techguru,2025-03-14T15:30:22Z,Top 5 AI tools every creator needs in 2024 #aitools #contentcreation,"['aitools', 'contentcreation', 'tech']",Top 5 AI tools every creator needs in 2024 #aitools #contentcreation,ai tools
https://www.tiktok.com/@@techguru/video/5116958,@techguru,2025-04-01T17:30:22Z,Top 5 AI tools every creator needs in 2024 #aitools #contentcreation,"['productivity', 'future', 'aitools']",Top 5 AI tools every creator needs in 2024 #aitools #contentcreation,ai tools
https://www.tiktok.com/@@techguru/video/6412034,@techguru,2025-03-17T00:30:22Z,Top 5 AI tools every creator needs in 2024 #aitools #contentcreation,"['productivity', 'tech', 'contentcreation', 'aitools']",Top 5 AI tools every creator needs in 2024 #aitools #contentcreation,ai tools
https://www.tiktok.com/@@futurist/video/3933960,@futurist,2025-03-16T13:30:22Z,Have you tried this new AI writing assistant?,"['productivity', 'aitools', 'future']",Have you tried this new AI writing assistant? It's a game changer #aitools,ai tools
https://www.tiktok.com/@@futurist/video/7865640,@futurist,2025-03-27T00:30:22Z,This AI tool saved me 5 hours of work yesterday!,"['contentcreation', 'future', 'tech', 'aitools', 'productivity']",This AI tool saved me 5 hours of work yesterday! #aitools #productivity,ai tools
https://www.tiktok.com/@@futurist/video/8635307,@futurist,2025-04-09T01:30:22Z,Have you tried this new AI writing assistant?,"['contentcreation', 'productivity', 'future']",Have you tried this new AI writing assistant? It's a game changer #aitools,ai tools
https://www.tiktok.com/@@techguru/video/5695002,@techguru,2025-03-20T15:30:22Z,Top 5 AI tools every creator needs in 2024 #aitools #contentcreation,"['tech', 'future', 'productivity', 'aitools']",Top 5 AI tools every creator needs in 2024 #aitools #contentcreation,ai tools
https://www.tiktok.com/@@entrepreneurtips/video/6551901,@entrepreneurtips,2025-04-12T02:30:24Z,How to pitch to investors - real examples #startupadvice #venturecapital,"['funding', 'business', 'entrepreneur']",How to pitch to investors - real examples #startupadvice #venturecapital,startup advice
https://www.tiktok.com/@@venturecapitalist/video/9001832,@venturecapitalist,2025-03-18T16:30:24Z,3 things I wish I knew before starting my business #startupadvice #entrepreneur,"['funding', 'startup', 'business', 'entrepreneur']",3 things I wish I knew before starting my business #startupadvice #entrepreneur,startup advice
https://www.tiktok.com/@@startupfounder/video/5896082,@startupfounder,2025-04-07T15:30:24Z,The biggest mistake founders make when scaling #startupadvice #business,"['startup', 'entrepreneur', 'funding', 'startupadvice', 'business']",The biggest mistake founders make when scaling #startupadvice #business,startup advice
https://www.tiktok.com/@@venturecapitalist/video/5113893,@venturecapitalist,2025-03-14T23:30:24Z,3 things I wish I knew before starting my business #startupadvice #entrepreneur,"['funding', 'startup']",3 things I wish I knew before starting my business #startupadvice #entrepreneur,startup advice
https://www.tiktok.com/@@venturecapitalist/video/9632838,@venturecapitalist,2025-04-01T19:30:24Z,3 things I wish I knew before starting my business #startupadvice #entrepreneur,"['business', 'startupadvice', 'startup']",3 things I wish I knew before starting my business #startupadvice #entrepreneur,startup advice
https://www.tiktok.com/@@entrepreneurtips/video/5348872,@entrepreneurtips,2025-03-14T02:30:24Z,The biggest mistake founders make when scaling #startupadvice #business,"['startup', 'startupadvice']",The biggest mistake founders make when scaling #startupadvice #business,startup advice
https://www.tiktok.com/@@startupfounder/video/6773367,@startupfounder,2025-04-02T12:30:24Z,3 things I wish I knew before starting my business #startupadvice #entrepreneur,['business'],3 things I wish I knew before starting my business #startupadvice #entrepreneur,startup advice
https://www.tiktok.com/@@startupfounder/video/5156767,@startupfounder,2025-03-22T08:30:24Z,How to pitch to investors - real examples #startupadvice #venturecapital,"['startup', 'entrepreneur']",How to pitch to investors - real examples #startupadvice #venturecapital,startup advice
https://www.tiktok.com/@@venturecapitalist/video/7205101,@venturecapitalist,2025-03-16T11:30:24Z,The biggest mistake founders make when scaling #startupadvice #business,"['entrepreneur', 'business']",The biggest mistake founders make when scaling #startupadvice #business,startup advice
https://www.tiktok.com/@@entrepreneurtips/video/4417996,@entrepreneurtips,2025-03-26T03:30:24Z,How to pitch to investors - real examples #startupadvice #venturecapital,['business'],How to pitch to investors - real examples #startupadvice #venturecapital,startup advice
https://www.tiktok.com/@@entrepreneurtips/video/2079336,@entrepreneurtips,2025-04-09T06:30:24Z,How to pitch to investors - real examples #startupadvice #venturecapital,"['funding', 'business', 'startup']",How to pitch to investors - real examples #startupadvice #venturecapital,startup advice
https://www.tiktok.com/@@entrepreneurtips/video/3872778,@entrepreneurtips,2025-04-03T07:30:24Z,The biggest mistake founders make when scaling #startupadvice #business,"['entrepreneur', 'startup']",The biggest mistake founders make when scaling #startupadvice #business,startup advice
https://www.tiktok.com/@@entrepreneurtips/video/3818606,@entrepreneurtips,2025-04-05T20:30:24Z,The biggest mistake founders make when scaling #startupadvice #business,"['startup', 'startupadvice', 'business']",The biggest mistake founders make when scaling #startupadvice #business,startup advice
https://www.tiktok.com/@@entrepreneurtips/video/6136349,@entrepreneurtips,2025-03-28T01:30:24Z,3 things I wish I knew before starting my business #startupadvice #entrepreneur,"['business', 'entrepreneur', 'startupadvice']",3 things I wish I knew before starting my business #startupadvice #entrepreneur,startup advice
https://www.tiktok.com/@@startupfounder/video/9333972,@startupfounder,2025-03-22T18:30:24Z,How to pitch to investors - real examples #startupadvice #venturecapital,"['startup', 'startupadvice']",How to pitch to investors - real examples #startupadvice #venturecapital,startup advice
https://www.tiktok.com/@@productivityguru/video/4557661,@productivityguru,2025-03-24T14:30:25Z,3 apps that changed my work life #productivityhacks #workflow,"['workflow', 'productivityhacks', 'timemanagement']",3 apps that changed my work life #productivityhacks #workflow,productivity hacks
https://www.tiktok.com/@@productivityguru/video/3766008,@productivityguru,2025-03-31T11:30:25Z,3 apps that changed my work life #productivityhacks #workflow,"['focus', 'workflow']",3 apps that changed my work life #productivityhacks #workflow,productivity hacks
https://www.tiktok.com/@@timemanagement/video/9159023,@timemanagement,2025-03-23T02:30:25Z,This 5-minute morning routine doubled my productivity #productivityhacks,"['timemanagement', 'workflow', 'efficiency']",This 5-minute morning routine doubled my productivity #productivityhacks,productivity hacks
https://www.tiktok.com/@@productivityguru/video/5407211,@productivityguru,2025-04-12T22:30:25Z,How to use the Pomodoro technique effectively #productivityhacks #focustips,"['workflow', 'focus', 'timemanagement']",How to use the Pomodoro technique effectively #productivityhacks #focustips,productivity hacks
https://www.tiktok.com/@@productivityguru/video/4256701,@productivityguru,2025-04-12T04:30:25Z,How to use the Pomodoro technique effectively #productivityhacks #focustips,"['efficiency', 'productivityhacks', 'focus']",How to use the Pomodoro technique effectively #productivityhacks #focustips,productivity hacks
https://www.tiktok.com/@@timemanagement/video/1214884,@timemanagement,2025-04-13T22:30:25Z,This 5-minute morning routine doubled my productivity #productivityhacks,"['workflow', 'focus', 'timemanagement']",This 5-minute morning routine doubled my productivity #productivityhacks,productivity hacks
https://www.tiktok.com/@@productivityguru/video/2804367,@productivityguru,2025-04-04T08:30:25Z,How to use the Pomodoro technique effectively #productivityhacks #focustips,"['workflow', 'efficiency', 'productivityhacks']",How to use the Pomodoro technique effectively #productivityhacks #focustips,productivity hacks
https://www.tiktok.com/@@timemanagement/video/9113530,@timemanagement,2025-03-23T13:30:25Z,This 5-minute morning routine doubled my productivity #productivityhacks,"['workflow', 'focus', 'efficiency', 'timemanagement']",This 5-minute morning routine doubled my productivity #productivityhacks,productivity hacks
https://www.tiktok.com/@@productivityguru/video/4463145,@productivityguru,2025-03-23T22:30:25Z,This 5-minute morning routine doubled my productivity #productivityhacks,"['workflow', 'efficiency']",This 5-minute morning routine doubled my productivity #productivityhacks,productivity hacks
https://www.tiktok.com/@@timemanagement/video/2373218,@timemanagement,2025-03-23T14:30:25Z,This 5-minute morning routine doubled my productivity #productivityhacks,"['productivityhacks', 'workflow', 'timemanagement']",This 5-minute morning routine doubled my productivity #productivityhacks,productivity hacks
https://www.tiktok.com/@@timemanagement/video/3590306,@timemanagement,2025-04-05T09:30:25Z,3 apps that changed my work life #productivityhacks #workflow,"['workflow', 'efficiency', 'timemanagement']",3 apps that changed my work life #productivityhacks #workflow,productivity hacks
https://www.tiktok.com/@@timemanagement/video/2871075,@timemanagement,2025-03-19T08:30:25Z,This 5-minute morning routine doubled my productivity #productivityhacks,"['efficiency', 'productivityhacks']",This 5-minute morning routine doubled my productivity #productivityhacks,productivity hacks
https://www.tiktok.com/@@productivityguru/video/1480186,@productivityguru,2025-03-26T10:30:25Z,This 5-minute morning routine doubled my productivity #productivityhacks,"['focus', 'productivityhacks', 'timemanagement']",This 5-minute morning routine doubled my productivity #productivityhacks,productivity hacks
https://www.tiktok.com/@@productivityguru/video/8694418,@productivityguru,2025-04-06T23:30:25Z,This 5-minute morning routine doubled my productivity #productivityhacks,"['focus', 'workflow']",This 5-minute morning routine doubled my productivity #productivityhacks,productivity hacks
https://www.tiktok.com/@@productivityguru/video/1576230,@productivityguru,2025-03-14T04:30:25Z,How to use the Pomodoro technique effectively #productivityhacks #focustips,"['timemanagement', 'workflow']",How to use the Pomodoro technique effectively #productivityhacks #focustips,productivity hacks
https://www.tiktok.com/@@programmer/video/2034967,@programmer,2025-04-06T16:30:26Z,Clean code principles every developer should know #codingtips #softwareengineering,"['webdev', 'developer', 'github']",Clean code principles every developer should know #codingtips #softwareengineering,coding tips
https://www.tiktok.com/@@programmer/video/5197470,@programmer,2025-03-29T20:30:26Z,This VS Code extension will save you hours of debugging #codingtips #programming,"['github', 'webdev', 'programming']",This VS Code extension will save you hours of debugging #codingtips #programming,coding tips
https://www.tiktok.com/@@codingexpert/video/5188157,@codingexpert,2025-03-25T22:30:26Z,How to optimize your Git workflow #codingtips #github,"['github', 'webdev']",How to optimize your Git workflow #codingtips #github,coding tips
https://www.tiktok.com/@@codingexpert/video/2080405,@codingexpert,2025-03-14T06:30:26Z,This VS Code extension will save you hours of debugging #codingtips #programming,"['codingtips', 'developer', 'programming', 'webdev']",This VS Code extension will save you hours of debugging #codingtips #programming,coding tips
https://www.tiktok.com/@@devtips/video/2633715,@devtips,2025-03-15T14:30:26Z,Clean code principles every developer should know #codingtips #softwareengineering,"['webdev', 'codingtips', 'programming', 'developer']",Clean code principles every developer should know #codingtips #softwareengineering,coding tips
https://www.tiktok.com/@@devtips/video/4547837,@devtips,2025-03-25T13:30:26Z,How to optimize your Git workflow #codingtips #github,"['developer', 'programming', 'webdev']",How to optimize your Git workflow #codingtips #github,coding tips
https://www.tiktok.com/@@codingexpert/video/3110460,@codingexpert,2025-03-29T09:30:26Z,Clean code principles every developer should know #codingtips #softwareengineering,"['programming', 'developer']",Clean code principles every developer should know #codingtips #softwareengineering,coding tips
https://www.tiktok.com/@@codingexpert/video/4361844,@codingexpert,2025-03-14T06:30:26Z,This VS Code extension will save you hours of debugging #codingtips #programming,"['github', 'webdev', 'programming', 'developer']",This VS Code extension will save you hours of debugging #codingtips #programming,coding tips
https://www.tiktok.com/@@devtips/video/5251483,@devtips,2025-04-03T17:30:26Z,Clean code principles every developer should know #codingtips #softwareengineering,"['programming', 'webdev', 'codingtips']",Clean code principles every developer should know #codingtips #softwareengineering,coding tips
https://www.tiktok.com/@@codingexpert/video/1057511,@codingexpert,2025-03-27T13:30:26Z,This VS Code extension will save you hours of debugging #codingtips #programming,"['programming', 'developer', 'github']",This VS Code extension will save you hours of debugging #codingtips #programming,coding tips
https://www.tiktok.com/@@codingexpert/video/3237919,@codingexpert,2025-03-24T07:30:26Z,Clean code principles every developer should know #codingtips #softwareengineering,"['webdev', 'developer', 'programming']",Clean code principles every developer should know #codingtips #softwareengineering,coding tips
https://www.tiktok.com/@@programmer/video/8692927,@programmer,2025-03-18T13:30:26Z,Clean code principles every developer should know #codingtips #softwareengineering,"['github', 'programming', 'developer']",Clean code principles every developer should know #codingtips #softwareengineering,coding tips
https://www.tiktok.com/@@codingexpert/video/1808288,@codingexpert,2025-04-07T23:30:26Z,How to optimize your Git workflow #codingtips #github,"['programming', 'codingtips', 'developer', 'github']",How to optimize your Git workflow #codingtips #github,coding tips
https://www.tiktok.com/@@codingexpert/video/9826217,@codingexpert,2025-03-17T14:30:26Z,How to optimize your Git workflow #codingtips #github,"['codingtips', 'webdev', 'developer']",How to optimize your Git workflow #codingtips #github,coding tips
https://www.tiktok.com/@@codingexpert/video/8647991,@codingexpert,2025-03-26T12:30:26Z,Clean code principles every developer should know #codingtips #softwareengineering,"['github', 'webdev', 'codingtips', 'programming']",Clean code principles every developer should know #codingtips #softwareengineering,coding tips
